<?xml version="1.0" encoding="utf-8" ?>
<Defs>

<!--Lake Ice-->

 <TerrainDef ParentName="NaturalTerrainBase">
    <defName>WF_LakeIceThin</defName>
    <label>Lake Ice</label>
    <texturePath>IceThin</texturePath>
    <edgeType>FadeRough</edgeType>
    <renderPrecedence>350</renderPrecedence>
    <pathCost>14</pathCost>
    <statBases>
      <Beauty>-3</Beauty>
      <BeautyOutdoors>0</BeautyOutdoors>
    </statBases>
    <scatterType>SoftGray</scatterType>
    <affordances>
      <li>Light</li>
      <li>Diggable</li>
      <li>Bridgeable</li>
    </affordances>
    <generatedFilth>Filth_Dirt</generatedFilth>
    <fertility>0.00</fertility>
    <takeFootprints>True</takeFootprints>
  </TerrainDef>
  
   <TerrainDef ParentName="NaturalTerrainBase">
    <defName>WF_LakeIce</defName>
    <label>Lake Ice</label>
    <texturePath>Ice</texturePath>
    <edgeType>FadeRough</edgeType>
    <renderPrecedence>350</renderPrecedence>
    <pathCost>14</pathCost>
    <statBases>
      <Beauty>-3</Beauty>
      <BeautyOutdoors>0</BeautyOutdoors>
    </statBases>
    <scatterType>SoftGray</scatterType>
    <affordances>
      <li>Light</li>
      <li>Medium</li>
      <li>Diggable</li>
      <li>Bridgeable</li>
    </affordances>
    <generatedFilth>Filth_Dirt</generatedFilth>
    <fertility>0.00</fertility>
    <takeFootprints>True</takeFootprints>
  </TerrainDef>
  
   <TerrainDef ParentName="NaturalTerrainBase">
    <defName>WF_LakeIceThick</defName>
    <label>Lake Ice</label>
    <texturePath>IceThick</texturePath>
    <edgeType>FadeRough</edgeType>
    <renderPrecedence>350</renderPrecedence>
    <pathCost>14</pathCost>
    <statBases>
      <Beauty>-3</Beauty>
      <BeautyOutdoors>0</BeautyOutdoors>
    </statBases>
    <scatterType>SoftGray</scatterType>
    <affordances>
      <li>Light</li>
      <li>Medium</li>
      <li>Heavy</li>
      <li>Diggable</li>
      <li>Bridgeable</li>
    </affordances>
    <generatedFilth>Filth_Dirt</generatedFilth>
    <fertility>0.00</fertility>
    <takeFootprints>True</takeFootprints>
  </TerrainDef>
  
  <!--Marsh Ice-->
  
  <TerrainDef ParentName="NaturalTerrainBase">
    <defName>WF_MarshIceThin</defName>
    <label>Marsh Ice</label>
    <texturePath>MarshIceThin</texturePath>
    <edgeType>FadeRough</edgeType>
    <renderPrecedence>350</renderPrecedence>
    <pathCost>14</pathCost>
    <statBases>
      <Beauty>-3</Beauty>
      <BeautyOutdoors>0</BeautyOutdoors>
    </statBases>
    <scatterType>SoftGray</scatterType>
    <affordances>
      <li>Light</li>
      <li>Diggable</li>
      <li>Bridgeable</li>
    </affordances>
    <generatedFilth>Filth_Dirt</generatedFilth>
    <fertility>0.00</fertility>
    <takeFootprints>True</takeFootprints>
  </TerrainDef>
  
   <TerrainDef ParentName="NaturalTerrainBase">
    <defName>WF_MarshIce</defName>
    <label>Marsh Ice</label>
    <texturePath>MarshIce</texturePath>
    <edgeType>FadeRough</edgeType>
    <renderPrecedence>350</renderPrecedence>
    <pathCost>14</pathCost>
    <statBases>
      <Beauty>-3</Beauty>
      <BeautyOutdoors>0</BeautyOutdoors>
    </statBases>
    <scatterType>SoftGray</scatterType>
    <affordances>
      <li>Light</li>
      <li>Medium</li>
      <li>Diggable</li>
      <li>Bridgeable</li>
    </affordances>
    <generatedFilth>Filth_Dirt</generatedFilth>
    <fertility>0.00</fertility>
    <takeFootprints>True</takeFootprints>
  </TerrainDef>
  
  <!--River Ice-->

 <TerrainDef ParentName="NaturalTerrainBase">
    <defName>WF_RiverIceThin</defName>
    <label>River Ice</label>
    <texturePath>IceThin</texturePath>
    <edgeType>FadeRough</edgeType>
    <renderPrecedence>350</renderPrecedence>
    <pathCost>14</pathCost>
    <statBases>
      <Beauty>-3</Beauty>
      <BeautyOutdoors>0</BeautyOutdoors>
    </statBases>
    <scatterType>SoftGray</scatterType>
    <affordances>
      <li>Light</li>
      <li>Diggable</li>
      <li>Bridgeable</li>
    </affordances>
    <generatedFilth>Filth_Dirt</generatedFilth>
    <fertility>0.00</fertility>
    <takeFootprints>True</takeFootprints>
  </TerrainDef>
  
   <TerrainDef ParentName="NaturalTerrainBase">
    <defName>WF_RiverIce</defName>
    <label>River Ice</label>
    <texturePath>Ice</texturePath>
    <edgeType>FadeRough</edgeType>
    <renderPrecedence>350</renderPrecedence>
    <pathCost>14</pathCost>
    <statBases>
      <Beauty>-3</Beauty>
      <BeautyOutdoors>0</BeautyOutdoors>
    </statBases>
    <scatterType>SoftGray</scatterType>
    <affordances>
      <li>Light</li>
      <li>Medium</li>
      <li>Diggable</li>
      <li>Bridgeable</li>
    </affordances>
    <generatedFilth>Filth_Dirt</generatedFilth>
    <fertility>0.00</fertility>
    <takeFootprints>True</takeFootprints>
  </TerrainDef>
  
   <TerrainDef ParentName="NaturalTerrainBase">
    <defName>WF_RiverIceThick</defName>
    <label>River Ice</label>
    <texturePath>IceThick</texturePath>
    <edgeType>FadeRough</edgeType>
    <renderPrecedence>350</renderPrecedence>
    <pathCost>14</pathCost>
    <statBases>
      <Beauty>-3</Beauty>
      <BeautyOutdoors>0</BeautyOutdoors>
    </statBases>
    <scatterType>SoftGray</scatterType>
    <affordances>
      <li>Light</li>
      <li>Medium</li>
      <li>Heavy</li>
      <li>Diggable</li>
      <li>Bridgeable</li>
    </affordances>
    <generatedFilth>Filth_Dirt</generatedFilth>
    <fertility>0.00</fertility>
    <takeFootprints>True</takeFootprints>
  </TerrainDef>

</Defs>