<?xml version="1.0" encoding="utf-8"?>
<ModMetaData>
  <name>Water Freezes</name>
  <author>UdderlyEvelyn</author>
  <supportedVersions>
    <li>1.3</li>
    <li>1.4</li>
  </supportedVersions>
  <packageId>UdderlyEvelyn.WaterFreezes</packageId>
  <description>
Water freezes and turns to ice with different depths, if you use Soil Relocation Framework you can dig it up and use it to cool rooms, too!
  </description>
  <loadAfter>
    <li>Ludeon.RimWorld</li>
    <li>rainbeausfishing.reworkmod</li>
  </loadAfter>
</ModMetaData>


